tweet_id,customer_text,brand_response,human_final_intent,human_final_escalation,difficulty,human_groundedness,human_correctness,human_tone,human_safety,human_notes
763627,@AppleSupport I got an iphone 6 with straight talk just like my 5....erased all content and tried inserting my sim card but it is saying the carriers dont match. how do i fix this,@302490 We know it's important to be able to use your iPhone as expected. What is the exact error message you're running into?,app_thirdparty_behavior,False,Complex,,,,,
753270,@AppleSupport every single one of my photos in iCloud is super blurry and shows a (!) in the bottom left. Why?,@251108 That's not the experience we want you to have. Join us in DM: https://t.co/GDrqU22YpT,account_appleid_security,True,Complex,,,,,
1285607,@AppleSupport Is Twitter available on an Apple Watch.,@352114 The watch can only show notifications from the iPhone for Twitter.,app_thirdparty_behavior,False,Simple,,,,,
2079658,@AppleSupport i have 2 sets of headphones where the right ear doesnt work. if i bring it to an Apple store will they exchange for new ones?,@615065 We'd like to look into this so we can provide you with the best information. Send us a DM and we'll work from there: https://t.co/GDrqU22YpT,audio_accessory_hardware,True,Simple,,,,,
1497935,"@applesupport 11.1 battery Prior to the update, Youtube could run 9+ hours from full battery and I'd still have 30-40% remaining.",@467789 We'd be happy to look into this issue with you. Have you tried any troubleshooting yet? https://t.co/GDrqU22YpT,software_update_bugs,False,Complex,,,,,
1349522,Im gonna need my phone to stop connecting to WiFi that isn’t there @AppleSupport,@434697 We'd like to help. Tell us a bit more about the issue you're experiencing with Wi-Fi. Which version of iOS is installed?,connectivity_network_bluetooth,False,Simple,,,,,
1449294,2 Apple techs independently agreed my Apple Watch repair should be under warranty but @AppleSupport still won’t fix it  🤔,"@456305 Hey, we want to hear more about what's going on. DM us more details and we'll look into this together. https://t.co/GDrqU22YpT",billing_subscriptions_refunds,True,Complex,,,,,
2374353,So my iPhone dies within 45 minutes to an hour after being fully charged. I️ don’t even have to be using it for a couple hours and I️t will go down at least 30%. @AppleSupport @115858 I️ only bought it 2 and a half years ago.,"@679925  We'd love to help with your battery concerns. Part of this is ensuring you are updated with the most updated version. An update has been released to assist with the autocorrect issue. If needed, back up your device frst. Send us a DM if you still see this behavior. https://t.co/GDrqU22YpT",device_hardware_battery,False,Complex,,,,,
1000152,I have the same question Kristi for AT&amp;T. It sounds like it might be an Apple issue. @117735 @AppleSupport https://t.co/UHM3RWZvFK,"@356787 Hi Martin! Plry activating your device again. If the issue persist, try these steps and DM the result: https://t.co/ywHIZGN4Ac https://t.co/GDrqU22YpT",account_appleid_security,True,Simple,,,,,
559036,@AppleSupport trying to download disney infinity on iPad but unable to locate it. Please advise how to recover. Thanks.,"@250648 So that we're on the same page, you had this installed in the past, but deleted it?",app_thirdparty_behavior,False,Complex,,,,,
2404961,@AppleSupport I need after sales support. I have a case opened for the past 2 to 3 weeks with no fix. I am not happy with the level of support and I am a frustrated it customer bought a product a month ago that become out of production 10 days after me buying it. series 2 watch!,@691749 We'd be happy to look into this with you. DM us and we'll get started there. https://t.co/GDrqU22YpT,device_hardware_battery,True,Complex,,,,,
2016017,@AppleSupport Why’d you drop the kill switch on the last update? #help,"@596166 Are you experiencing an issue with your device after updating? If so, send us a DM with more information. We'll meet you there. https://t.co/GDrqU22YpT",software_update_bugs,False,Moderate,,,,,
1779084,@AppleSupport how to I fix this,@324911 We'd like to help you out with any trouble that you're having. Please send us a DM with the details to begin. https://t.co/GDrqU22YpT,general_inquiry_other,False,Moderate,,,,,
2361678,@AppleSupport I bought a game on the Mac App Store that isn’t compatible with my machine in spite of verifying the requirements before purchasing. Can I be refunded for this un-playable game that I bought under false pretences?,@681945 We'd love to help with this and recommend that you reach out to our iTunes Store team directly about a refund. Click here to get started: https://t.co/SDIe7UiyJN,billing_subscriptions_refunds,True,Complex,,,,,
2008419,@AppleSupport new software update has my iPhone 7 no longer working? The iPhone 7 was purchased 6/26/17 🤔🤦‍♂️,@593891 What issues are you having with your iPhone 7? We would like to help.,software_update_bugs,False,Simple,,,,,
2008033,@AppleSupport this update is garb. Please help,@517927 We can help with your Apple products and services. Send us a DM with the details of what you're experiencing. https://t.co/GDrqU2kzhr,general_inquiry_other,False,Simple,,,,,
1144278,@AppleSupport @15443 How are we meant to watch #TheShannaraChronicles each week on SPIKE when that channel isn’t broadcast in Australia? https://t.co/kZpe5ODsXu,@389333 Let's get you to the right spot. Please reach out to our iTunes Store team for help:  https://t.co/SDIe7UiyJN,app_thirdparty_behavior,False,Complex,,,,,
2623967,"@AppleSupport anyone know how to save show notes of a podcast, including the links not just as plain text into Apple Name notes or Evernote?","@448492 You can copy paste the notes, however, that does not include the links. We'd love to get you feedback here: https://t.co/eTPVYVFyd8",app_thirdparty_behavior,False,Moderate,,,,,
2111439,"Dude @AppleSupport , my App Store is having issues loading the Updates page!!!",@622789 Let's look into this. Have you tried changing networks and  loading the Updates page or using cellular data?,app_thirdparty_behavior,False,Simple,,,,,
110918,Does anyone know how to unpair an @115858 Watch without the original phone? @AppleSupport?,"@140674 Thanks for reaching out. If you don't have access to the iPhone, you can't unpair but you can still erase all content and settings on your Apple Watch. This article provides the steps for how to do so under the ""Erase your Apple Watch"" section: https://t.co/09tmX2l5D3",account_appleid_security,True,Moderate,,,,,
1218398,Why?? I'm connected to WiFi and I tried on my mobile data... Wtf is wrong with @AppleSupport?? https://t.co/EknSNtu7VV,@405876 We can help with this update. Check out this article for steps to take for this error: https://t.co/Ui1yTnOCUz,software_update_bugs,False,Complex,,,,,
1802533,"@AppleSupport How can you lock OSX with a keyboard shortcut? Like on windows, it's Windows+L",@541621 Thanks for reaching out to us. We are always happy to help. Can you please send us a DM and clarify what you're trying to do? https://t.co/GDrqU22YpT,software_update_bugs,False,Moderate,,,,,
1991402,@AppleSupport IOS 11.03 battery drains quickly. I have 6S plus and wife has 6S.,"@167564 We'd love to help you with this. First, update to iOS 11.1, retest, and meet us in DM if the concerns persist here: https://t.co/GDrqU22YpT",software_update_bugs,False,Complex,,,,,
2229370,@AppleSupport @87961 hi is this fake as I didn’t buy a gift card !! https://t.co/ev7CyxGHc7,@568311 These types of emails are called phishing. What we mean by this is the sender attempts to get personal information such as your Apple ID or credit card. More info &amp; where to forward is here: https://t.co/sayPykspsk,account_appleid_security,True,Simple,,,,,
1828500,@115858 @AppleSupport this has happened to my MacBook charger - can I get a replacement? https://t.co/QPE5L65TDD,"@548751 We're glad you got in touch with us. Let's continue working via DM, so we can look into some additional support options. https://t.co/GDrqU22YpT",device_hardware_battery,True,Simple,,,,,
994514,@AppleSupport My 15 month old MacBook Air won't start! Was fine last night and in perfect condition. Not a charger issue. Checked! SOS! :(,@355567 We can help with your MacBook Air! Please try the steps in the following article and let us know: https://t.co/RqWW0duJ0U,device_hardware_battery,True,Complex,,,,,
658013,@AppleSupport trying to install apps from the App Store and the just keep buffering and nothing happens,"@276644 Thank you for reaching out to us. Let’s work together to find the best course of action for this issue. To start, what device model and software version are you using? https://t.co/GDrqU22YpT",app_thirdparty_behavior,False,Complex,,,,,
393132,@AppleSupport My Macbook Air (v10.12.6) crashes with Mac equivalent of #BSOD whenever I get an incoming call on my iPhone. Any way to fix?,@209100 We want to help. Send us a DM letting us know of any troubleshooting steps you have taken thus far. https://t.co/GDrqU22YpT,software_update_bugs,False,Simple,,,,,
523837,@AppleSupport Hello - I'm having trouble with my iPhone 7. A black screen with the spinning wheel appears every 10-20 seconds and asks for my key code. I did a full factory reset and the problem still persists. My current iOS version is 11.1.2 (updated less than 24 hours ago).,@241078 We received your DM and will work with you there. You should see our reply shortly.,software_update_bugs,False,Complex,,,,,
617349,@AppleSupport can you check the battery health of my iPhone,@266468 Thanks for reaching out! We’d be happy to help with your battery. Let us know what kind of issues you’re having with it in DM. We’ll continue working with you there. https://t.co/GDrqU22YpT,device_hardware_battery,False,Simple,,,,,
