tweet_id,customer_text,brand_response,human_final_intent,human_final_escalation,difficulty,reviewer_notes,human_verified
505071,"@AppleSupport I’ve never been able to figure out how to set all my family members up on our Apple Music family subscription without their song likes, plays and library additions showing up on my profile (which is the master account). Any detailed instructions anywhere on this?",@235792 We'd like to help out the best way we can with your family's subscription to Apple Music and your library. Does their additions and songs appear on only one device or multiple? How many family members do you have on the account? Do these appear from all members?,app_thirdparty_behavior,False,Complex,"Candidate label was incorrect. Customer is asking about Apple Music Family/library behavior, not Apple ID security. Historical resolution provides a troubleshooting direction.",True
2890764,Really hacked off @AppleSupport @115858 iPhone alarm didn’t go off all because the phone was open on apps page it seems the phone notifications freezes when iPhone is open and on app boxes all my notifications came after I exited the box 😡,@801419 We want to be sure your iPhone is functioning as you'd expect it to. We'd like to look into this further with you. Send us a DM and we'll go from there. https://t.co/GDrqU22YpT,app_thirdparty_behavior,False,Complex,"Candidate label was incorrect. Customer is asking about Apple Music Family/library behavior, not Apple ID security. Historical resolution provides a troubleshooting direction.",True
2544002,"OH MY FUCKING GOD I AM SO HAPPY, I have access to my account again, thank you @AppleSupport  @115858 YOU ARE GREAT 😍😍😍","@192864 Awesome! Thanks for letting us know the issues are resolved. If you have other questions or concerns, please let us know. Have a great day.",account_appleid_security,False,Simple,"Candidate label was incorrect. Customer is asking about Apple Music Family/library behavior, not Apple ID security. Historical resolution provides a troubleshooting direction.",True
1647397,"@AppleSupport Received an email from __email__
Is my account #compromised  #Phishing #Appstore #Apple #AppleNews https://t.co/gb2axaTDvu",@503312 It's great that you're being cautious. This isn't a legitimate Apple email. Here's a guide with more info: https://t.co/sayPykspsk,account_appleid_security,False,Simple,,True
2908112,@AppleSupport it appears something has happened to my old photos in the icloud.  Can you help fix this? https://t.co/6F3xmoBK7D,@259259 We'd like to help! Can you tell us the version of iOS that you are running on your device?,account_appleid_security,False,Simple,,True
522080,Hi @AppleSupport I'm locked out of my ipad can you help ?,@240571 Thank you for reaching out. We received your DM and will continue to work with you there.,account_appleid_security,True,Moderate,,True
2918880,"Hi @AppleSupport, Is it normal that: When enabling “Find my Mac” on iCloud on my #Mac, the “root"" get’s enabled automatically? I never gave ""permission"" Isn’t that a HUGE* “security"" issue on MacOS High Sierra? Are you aware of it @115858? #Mac #Apple #HighSierra",@312173 We appreciate your concern. Please DM us so we can look into this with you. DM us here: https://t.co/GDrqU22YpT,account_appleid_security,True,Complex,,True
2371103,@AppleSupport is icloud webmail having login issues at the moment I'm receiving a cannot contact server message,@684185 We'd like to help. All services appear to be up and running: https://t.co/xR0BAXItoi Could you tell us which device you're experiencing this issue with?,account_appleid_security,True,Simple,,True
121544,"@AppleSupport I upgraded to iPhone8 from 6s, and am wondering if I could find out how many old (6s) backups I still have on iCloud. Are backups identified by device?","@143060 We’d be happy to help with iCloud. You’ll be able to see a list of your backups by device if you tap Settings &gt; [name] &gt; iCloud &gt; Manage Storage &gt; Backup. Let us know if you have any additional questions, and we'll be happy to help further.",account_appleid_security,False,Complex,,True
512464,I'm tired of my apple account of getting locked out for charges I didn't make. I changed everything but not my ID. Looks like I'll be calling @AppleSupport to get my ID changed. 😒,"@237857 We certainly want to help you resolve this as quickly as possible. If you have charges on the account that aren't familiar to you, please reach out to our iTunes Store Advisors to help get these sorted out here: https://t.co/SDIe7UiyJN",account_appleid_security,True,Complex,,True
2549526,@AppleSupport I need to remove 2 step verification from my Apple account but it seems that there is no way to login otherwise.,@724385 We can provide you some information about Apple ID security options. Are you currently able to log into your account?,account_appleid_security,True,Complex,,True
2903743,"My iPhone was acting funny, so I restarted it. Logged me off iCloud and now all my recent photos are gone and it doesn't recognize my contacts. @AppleSupport what gives?","@700135 We understand how important it is to have access to your information. 

Are you able to sign back into iCloud? If so, do you see your information again after a few minutes? 

If not, let's meet in DM. Send us a message with the version of iOS you're on. https://t.co/GDrqU22YpT",account_appleid_security,True,Complex,,True
857155,@AppleSupport I do not have any Apple devices and I am going in circles. I want to cancel my iCloud account. Help please!,@323547 Thanks for reaching out! We'd love to help and recommend you reach out to our phone Advisors directly: https://t.co/IBIY3vMgPj,account_appleid_security,True,Complex,,True
1550175,@AppleSupport please assist in resetting password. This is ridiculous,"@479794 We would be happy to help. Meet us in DM and let us know which password you are trying to reset, and we will go from there. https://t.co/GDrqU22YpT",account_appleid_security,True,Simple,,True
2284287,@119033 @AppleSupport seems my Yahoo was hacked bc I kept getting error messages on iPhone saying password incorrect. Changed my pw but no option2put new pw in settings. Deleted account from mail&amp;tried to add again but won’t let me bc “already added”,@448669 We're happy to help where we can. Are you able to access your account when signing in from a computer or web browser? Please let us know in DM. https://t.co/GDrqU22YpT,account_appleid_security,True,Complex,,True
753270,@AppleSupport every single one of my photos in iCloud is super blurry and shows a (!) in the bottom left. Why?,@251108 That's not the experience we want you to have. Join us in DM: https://t.co/GDrqU22YpT,account_appleid_security,True,Complex,,True
1802533,"@AppleSupport How can you lock OSX with a keyboard shortcut? Like on windows, it's Windows+L",@541621 Thanks for reaching out to us. We are always happy to help. Can you please send us a DM and clarify what you're trying to do? https://t.co/GDrqU22YpT,software_update_bugs,False,Moderate,,True
2622630,"@AppleSupport please send help, i restored my phone from itunes, now it is asking me to sign in to my apple ID but is having an error connecting to the apple id servers, any help, as of right now my iphone is a paperweight","@740931 Let's get you back onto your iPhone. First, did you restore from a backup or restore to factory settings? Have you tried restarting your iPhone and trying again? Let us know the details and we'll go from there.",account_appleid_security,True,Complex,,True
385695,@AppleSupport Currently on a 2TB iCloud account and having issues syncing between 2 macs. Any way to not downloading all my data on both?,@207301 We're here to help. Let's take this to DM so we can better assist you. https://t.co/GDrqU22YpT,software_update_bugs,False,Complex,,True
184530,"@AppleSupport I face trouble adding Exchange account to my iPhone Mail App but works fine on the Mail App on my Mac. In Addition to that, the Push on my mail app does not work.
Have trouble with iTunes as well.",@159435 We're glad to assist here. Let's look at one thing at a time. What's going on with iTunes?,app_thirdparty_behavior,False,Complex,,True
2047529,@AppleSupport my iPhone7 will continually ask for my gmail password when I'm not doing anything it's happening every minute how do I stop it,"@442656 We're here to help. Do you get any errors when you input your password? Also, which version of iOS are you currently running?",account_appleid_security,False,Moderate,,True
2834497,"@AppleSupport my phone just randomly logged every online account (twitter, Mail, AppleID) out. Logged most back in except AppleID. Must have forgotten password. Said enter trusted phone #, I did, then when it sent the text the entire phone crashed and I cant do anything. Now what",@789041 You've come to the right place. We're glad to look into this with you. What's your iPhone showing on screen at the moment?,account_appleid_security,True,Complex,,True
522118,@AppleSupport Safari is repeatedly crashing on MacOS High Sierra. All security patches installed. (Most recent patch looks like it came through twice.) Is there a way to resolve this?,"@240584 Safari is important for any Mac and we'd like to help. What's your model and is macOS High Sierra 10.13.1 the version installed?

As you already made sure to check for any updates in the App Store, have you tried any other steps since this started? DM us your answers https://t.co/GDrqU2kzhr",software_update_bugs,False,Complex,,True
1244453,I tried to install iCloud for Windows on my laptop and it corrupted Windows. @115858 @AppleSupport,@411946 We want you to have a good experience with iCloud. Could you explain in detail what you mean by corrupted Windows?,software_update_bugs,False,Complex,,True
1017149,"@AppleSupport hi, how to settle this??? Didnt get any text for verification code. Call also.... Help me plz https://t.co/PUkTfRB3hc",@360665 We'd like to help get you pointed in the right direction. Send us a DM &amp; we'll continue there. https://t.co/GDrqU22YpT,account_appleid_security,True,Complex,,True
2728134,@AppleSupport I need to download OSX El Capitan for an old Mac but in the AppStore does not appear. Only appears High Sierra which is not supported by my Mac. Where can I download El Capitan? Thanks,"@764968 We're happy to find out what options we can give you. Have you downloaded El Capitan before with your Apple ID? If so, you should see it as an download now when you go to the App Store and click Purchased up top.",software_update_bugs,False,Complex,,True
1219262,"@AppleSupport  Everytime I type in is on my phone, it corrects it to I.S
I’ve changed shortcuts in keyboard but it’s still happening, help?",@338713 Let's look at this together. Could you tell us which iPhone and iOS version you're using?,app_thirdparty_behavior,False,Complex,,True
1751425,"@AppleSupport @4305 
Can’t send photos directly from PHOTOs app.Have to open whatsapp and then by adding photos. https://t.co/e22tkNnWeg",@483176 Let's look into that. Send us a DM and we'll go from there. https://t.co/GDrqU22YpT,app_thirdparty_behavior,False,Complex,,True
2000563,@AppleSupport can you please fix this keyboard glitch. That’d be awesome. Thx ✌🏼❤️,"@591539 We're happy to help. In DM, please let us know which iOS version you're using and a few details about what you're experiencing. https://t.co/GDrqU22YpT",app_thirdparty_behavior,False,Simple,,True
2013663,@AppleSupport  why cant I type “I” on my@keyboard withot having to fight? @115858,@595423 Thanks for reaching out. We have a workaround for this here: https://t.co/xXaXeeSRt9 DM us if you still need help. https://t.co/GDrqU22YpT,app_thirdparty_behavior,False,Moderate,,True
1285607,@AppleSupport Is Twitter available on an Apple Watch.,@352114 The watch can only show notifications from the iPhone for Twitter.,app_thirdparty_behavior,False,Simple,,True
151502,@AppleSupport  why isn’t iPhone X able to download the latest watchOS?,@150599 We'd love to help you out. What happens when you try to download? Which iOS version is installed on your iPhone X? Tap Settings &gt; General &gt; About and provide us with what is next to Version.,software_update_bugs,False,Moderate,,True
817668,@AppleSupport whatsapp notifications aren’t working anymore,@314750 Notifications are important to have working. Does WhatsApp have an update in the App Store? Which iOS version is installed?,app_thirdparty_behavior,False,Simple,,True
1713679,@AppleSupport got me speaking in Spanish cause i can’t get this keyboard thing write with the I️,@518977 Here’s what you can do to work around the issue until it’s fixed in a future software update: https://t.co/xXaXeeSRt9,app_thirdparty_behavior,False,Simple,,True
149999,. @AppleSupport what is the twitter handle for the Apple Developer Support program?,"@150196 We'll be happy to get you pointed in the right direction. To connect with Apple Developer Support, check out this link: https://t.co/MN29maiV1D",general_inquiry_other,False,Complex,,True
1681711,@AppleSupport why when I scroll down on my Instagram and Facebook on my iPhone X does it shoot back to the top on its own? Is it a setting?,@511288 Great question. Are you only noticing this when using 3rd-party social media apps or do you see this in Apple apps too?,app_thirdparty_behavior,False,Complex,,True
239802,@AppleSupport the new 11.0.2 made it so I can’t open recently updated apps or download new ones 😶,@172963 We definitely understand wanting to be able to use your apps! Does restarting help? What exactly happens when you try to open an app?,software_update_bugs,False,Simple,,True
2367812,"@115858 @AppleSupport what gives? You guys release updates by the minute but you’re taking you’re time fixing this A? keyboard issue.   If you can release a $1,000 phone surely you can make it work correctly","@683391 iOS 11.1.1 was recently released and it includes a fix for autocorrect issues. Be sure to back up your device prior to updating, and let us know if the issue persists afterwards. How to back up: https://t.co/4f8hwT5to6",software_update_bugs,False,Complex,,True
954203,@AppleSupport My Twitter app for iPhone doesn't work. Could you give support? Please,@346409 We’d be happy to help. Please DM us and let us know what’s happening. https://t.co/GDrqU2kzhr,app_thirdparty_behavior,False,Simple,,True
2639621,@AppleSupport what am I double clicking here as it won’t let me download an app?? Is this an issue https://t.co/tEpI1zVdYq,"@744942 Great question! On previous iOS devices, you'd be asked for your fingerprint or password at this step. Here it's asking you to Double-Click the physical side button on your iPhone X authenticate with Face ID. Give it a try!",app_thirdparty_behavior,False,Simple,,True
317241,"@AppleSupport 
Whenever i try to download a game thats called roblox it crashes please fix please reply.","@191709 We’ll be glad to see how we can help. To clarify, the App Store crashes when you try to download the game?",app_thirdparty_behavior,False,Simple,,True
333669,"Dear @AppleSupport, please make this stop. 

PS the Twitter app crashed when I tried to post this https://t.co/1mCzJ0GE2q",@195497 Let's look into that. Send us a DM and we'll go from there. https://t.co/GDrqU22YpT,app_thirdparty_behavior,False,Simple,,True
1746875,@AppleSupport any reason why iTunes on my computer won't recognise my phone... and won't let me download a song I paid for???,@526635 Let’s see what we can find out. This article helps with iTunes not recognizing the iPhone: https://t.co/bLcjSdg2pg,billing_subscriptions_refunds,True,Complex,,True
1773171,So much for @115858's iPhone 7 Plus being waterproof...dropped three droplets of water on it and now the keyboard isn't working. 😒 @AppleSupport,@532926 We'd like to look deeper into what's going on. DM us and we'll see what we can do to assist. https://t.co/GDrqU22YpT,device_hardware_battery,True,Complex,,True
1572286,@AppleSupport how do i turn on my notifications for instagram? https://t.co/iPyOOtttx3,@484690 That's a great question! Here's a great article to help get you started: https://t.co/E7sMv2aXe6,app_thirdparty_behavior,False,Moderate,,True
559036,@AppleSupport trying to download disney infinity on iPad but unable to locate it. Please advise how to recover. Thanks.,"@250648 So that we're on the same page, you had this installed in the past, but deleted it?",app_thirdparty_behavior,False,Complex,,True
1920037,"@AppleSupport - pl c enclosed. This is the notification center, the 1 on the right is dark and on the left is normal https://t.co/1d44aqewaC",@173995 We can help. Is this happening at random times? Does this only happen when on the lockscreen? Does restarting help?,app_thirdparty_behavior,False,Complex,,True
2114705,@AppleSupport Getting this notification again and again despite updating to latest version https://t.co/UH7trFCp0f,"@346279 Thanks for reaching out. We'd like to look into this further. Send us a DM with your current iOS version, and we'll go from there https://t.co/GDrqU22YpT",software_update_bugs,False,Complex,,True
1999560,@115858 @AppleSupport please fix your keyboard cause the letter i is a screwed up,"@462341 Are you currently having this issue on a device? If so, DM us with the device and OS it occurs on, we'd like to assist. https://t.co/GDrqU22YpT",app_thirdparty_behavior,False,Simple,,True
2728253,iPad mini 3 not behaving. Maybe needs a fresh install. @AppleSupport https://t.co/ONokM1t1FD,@764990 Let's work together to figure this out. Follow the steps here in this link: https://t.co/8MvHMFZ83h Send us a DM by clicking on the link below if issue persists. https://t.co/GDrqU22YpT,software_update_bugs,False,Simple,,True
906642,"@AppleSupport, so.. can y'all fix the fact that I can no longer use my Watch to play music from my phone instead of syncing? #WatchOS4 😕",@335270 We'd like to look into this closer. Can you please DM us? https://t.co/GDrqU22YpT,audio_accessory_hardware,False,Simple,,True
1414589,Hi @AppleSupport I have two Mac. One I have my watch unlock. The other I never want that. How do I set that up?,@249094 Thanks for reaching out. We're here to help. DM us so we can look into this further with you. https://t.co/GDrqU22YpT,audio_accessory_hardware,False,Moderate,,True
2069930,@AppleSupport how come the app icons on my Apple Watch come up as blank white squares instead of the actual app icon?,@612143 We're here to help. Send us a DM and we can look into this for you. https://t.co/GDrqU22YpT,audio_accessory_hardware,False,Moderate,,True
1087095,"@AppleSupport, 3 calls on defective airpod piece.  You send me right bud vs left and now state you will not send the correct one- really!","@376442 Meet us in DM, then we can look in to this further with you from there. https://t.co/GDrqU22YpT",audio_accessory_hardware,True,Complex,,True
2917325,@AppleSupport Upgraded my 6s to 11.1.2 and it messed up the sound . Can’t hear a thing on call. Give me a new phone,@496194 Let's work on this together. Does this only happen when on calls?,device_hardware_battery,True,Complex,,True
289130,@AppleSupport updated my 7 Plus to 11.0.1 and updated watch to 4.0 and I no longer get the app image on my notifications just generic image https://t.co/bTNFgsyCcX,@184897 Hey there. We're here for you. DM us and we'll go from there. https://t.co/GDrqU22YpT,software_update_bugs,False,Complex,,True
1144278,@AppleSupport @15443 How are we meant to watch #TheShannaraChronicles each week on SPIKE when that channel isn’t broadcast in Australia? https://t.co/kZpe5ODsXu,@389333 Let's get you to the right spot. Please reach out to our iTunes Store team for help:  https://t.co/SDIe7UiyJN,app_thirdparty_behavior,False,Complex,,True
151477,@AppleSupport my watch seems to be confused with my activity/move count. Am I just reading this wrong? https://t.co/T3mb7I6Uv8,"@137639 Let's team up to resolve this. To get started, check out these steps to get the most accurate measurements with your Apple Watch: https://t.co/evTpsN4Raj",app_thirdparty_behavior,False,Simple,,True
708000,@AppleSupport Can I watch iTunes movies in 4k on Mac or PC?,@289250 We know it's important to view your movies the way you'd like. We recommend checking out this link: https://t.co/SFdFHkEs3N,general_inquiry_other,False,Simple,,True
598125,"@AppleSupport one of my watch achievements hasn’t registered, any ideas? Move goal achieved every day in Nov! https://t.co/J9p8InAgAd","@261795 It can take up to 9 days before receiving your achievement after completing the requirements. You'll find more info on this here: https://t.co/xwf6lrIgzJ

If issues persist beyond 9 days, let us know and we'll look into it further.",app_thirdparty_behavior,False,Simple,,True
994514,@AppleSupport My 15 month old MacBook Air won't start! Was fine last night and in perfect condition. Not a charger issue. Checked! SOS! :(,@355567 We can help with your MacBook Air! Please try the steps in the following article and let us know: https://t.co/RqWW0duJ0U,device_hardware_battery,True,Complex,,True
990423,@AppleSupport Restoring my iPad 2 was a nightmare and an impossibility. It's impossible to express my frustration in ANY character limit.,"@354610 That's not what we like to hear, could you Direct Message us and let us know what happened? https://t.co/GDrqU22YpT",software_update_bugs,False,Complex,,True
1524175,"@AppleSupport  dear Apple, any suggestion to get guided in the world of Apple? Just got me an nice MacBook Air, but I'm puzzeling..thnx 😘",@473513 Hey there. Congrats on your new Mac. Check here for your local Apple Store workshops: https://t.co/1OHK2GE82Q,general_inquiry_other,False,Complex,,True
446496,@AppleSupport hi there any idea how I can get a duplicate copy of my work request sheet for recent work carried out in my MacBook - lost original,"@220760 Your best bet to get a copy of that, would be to reach out to the service center that performed the work.",general_inquiry_other,False,Complex,,True
2676515,@AppleSupport @116333 Macbook dies in 13mths &amp; this piece of paper is the official servc rprt! No clue why its died! #pathetic #letdown. https://t.co/05NK75c1nd,@753316 Thanks for reaching out. We want to help. Tell us more about what has happened in DM. https://t.co/GDrqU22YpT,device_hardware_battery,True,Complex,,True
1828500,@115858 @AppleSupport this has happened to my MacBook charger - can I get a replacement? https://t.co/QPE5L65TDD,"@548751 We're glad you got in touch with us. Let's continue working via DM, so we can look into some additional support options. https://t.co/GDrqU22YpT",device_hardware_battery,True,Simple,,True
2404961,@AppleSupport I need after sales support. I have a case opened for the past 2 to 3 weeks with no fix. I am not happy with the level of support and I am a frustrated it customer bought a product a month ago that become out of production 10 days after me buying it. series 2 watch!,@691749 We'd be happy to look into this with you. DM us and we'll get started there. https://t.co/GDrqU22YpT,device_hardware_battery,True,Complex,,True
393132,@AppleSupport My Macbook Air (v10.12.6) crashes with Mac equivalent of #BSOD whenever I get an incoming call on my iPhone. Any way to fix?,@209100 We want to help. Send us a DM letting us know of any troubleshooting steps you have taken thus far. https://t.co/GDrqU22YpT,software_update_bugs,False,Simple,,True
110918,Does anyone know how to unpair an @115858 Watch without the original phone? @AppleSupport?,"@140674 Thanks for reaching out. If you don't have access to the iPhone, you can't unpair but you can still erase all content and settings on your Apple Watch. This article provides the steps for how to do so under the ""Erase your Apple Watch"" section: https://t.co/09tmX2l5D3",account_appleid_security,True,Moderate,,True
1449294,2 Apple techs independently agreed my Apple Watch repair should be under warranty but @AppleSupport still won’t fix it  🤔,"@456305 Hey, we want to hear more about what's going on. DM us more details and we'll look into this together. https://t.co/GDrqU22YpT",billing_subscriptions_refunds,True,Complex,,True
1145188,Hi @AppleSupport! Is there a way I can get rid of that delete button next to the spacebar on my iPad? It’s driving me crazy. TIA!,@389529 We're happy to help. Can you contact us in DM and we can go in to greater detail? https://t.co/GDrqU22YpT,app_thirdparty_behavior,False,Complex,,True
2948201,"@AppleSupport my 15"" macbook pro has a weird popping sound",@814240 Thanks for reaching out. We'd like to look into this further with you. Would you send us a DM and let us know when you hear this sound? Thank you! https://t.co/GDrqU22YpT,device_hardware_battery,False,Simple,,True
2424398,"@AppleSupport got a new MacBook pro 13, but my 3.5mm headphone doesn't seem to go all the way in the port. Help?","@491121 congratulations on your new MacBook Pro. We'd like to know more to assist. Which headphones are you attempting to connect? Also, are you showing any debris or blockage in the port? Let us know and we'll continue.",audio_accessory_hardware,False,Complex,,True
1816568,@AppleSupport three weeks stil no resolution to my watch series3 case issues getting worst some icons now don’t load up just shows the shape,@545696 Hi. We're more than willing to look into it with you. We can connect in DM. Meet us there. https://t.co/GDrqU22YpT,audio_accessory_hardware,False,Moderate,,True
352842,"@AppleSupport Hi apple I wanted to ask
Can I use apple watch 3 without an Iphone? (I will use my sister Iphone to setup) but for normal use?",@199888 We got your DM and will be replying there.,general_inquiry_other,False,Complex,,True
1606697,@AppleSupport How to download FCPX trial that works with High Sierra? Current trial says no to HS and points me to App Store to buy. #fcpx,@493551 We've got an expert team of phone advisors that can help look into this for you. Reach out via: https://t.co/IBIY3vMgPj,software_update_bugs,False,Complex,,True
620128,@AppleSupport I got charged for an album I already paid for a long time ago and I’d like a refund please,@267183 Thanks for reaching out to us. We’ve received your DM and will continue with you there. Our reply will arrive momentarily.,billing_subscriptions_refunds,True,Complex,,True
1752076,Hey @AppleSupport is there any reason why there would be problems taking my Spotify payment if the details haven’t changed?,@527851 Let's look into this together. Did you purchase your Spotify subscription through iTunes?,billing_subscriptions_refunds,True,Moderate,,True
2361678,@AppleSupport I bought a game on the Mac App Store that isn’t compatible with my machine in spite of verifying the requirements before purchasing. Can I be refunded for this un-playable game that I bought under false pretences?,@681945 We'd love to help with this and recommend that you reach out to our iTunes Store team directly about a refund. Click here to get started: https://t.co/SDIe7UiyJN,billing_subscriptions_refunds,True,Complex,,True
553676,"I don’t have any subscription for any services and yet, I still get charged $9.99 every other month. Please fix this @118936 @AppleSupport @115858",@249149 This article may help: https://t.co/A5QhKRZhQQ You can reach out with questions here: https://t.co/YZKYT7KOTB,billing_subscriptions_refunds,True,Complex,,True
2580552,Where do I cancel auto renew for apps @AppleSupport,@731414 Hey there! We're here to help. Follow the steps in this article: https://t.co/YKDbvtXm2Q,billing_subscriptions_refunds,False,Simple,,True
1867692,"Hi, if you got a bill phone(iPhone 8 plus) and it’s acting up..freezing etc can it be replaced for a new one?@832 @AppleSupport",@557920 We want to be sure you're enjoying your new iPhone 8. DM us and let us know more about the issues you're seeing. https://t.co/GDrqU22YpT,device_hardware_battery,False,Complex,,True
2111439,"Dude @AppleSupport , my App Store is having issues loading the Updates page!!!",@622789 Let's look into this. Have you tried changing networks and  loading the Updates page or using cellular data?,app_thirdparty_behavior,False,Simple,,True
244226,"@AppleSupport Hi this is my brand new MacBook Pro 3.1 Ghz touchpad and this is from closing the laptop, very disappointed in my purchase!!! https://t.co/szyflSNn7j",@174012 We'd like to look into this a bit more with you. Could you join us in DM with more details? https://t.co/GDrqU2kzhr,device_hardware_battery,False,Complex,,True
658013,@AppleSupport trying to install apps from the App Store and the just keep buffering and nothing happens,"@276644 Thank you for reaching out to us. Let’s work together to find the best course of action for this issue. To start, what device model and software version are you using? https://t.co/GDrqU22YpT",app_thirdparty_behavior,False,Complex,,True
2652613,@AppleSupport why my payment method is declined!! I don’t have any problem in my credit card and i pay all my bills in apple!,@748091 We want to help. DM us and we'll go from there. https://t.co/GDrqU22YpT,billing_subscriptions_refunds,True,Complex,,True
1011807,"@AppleSupport got a Apple Watch yesterday, had receipt emailed to me, but it never showed up yet. Is it normal for it to come delayed?",@359404 Congrats on your new Apple Watch! Did you purchase the Watch from an Apple Store or another retailer?,general_inquiry_other,False,Complex,,True
2306214,@AppleSupport will Apple Pay Cash work between countries? I’d love to send some $$ to my lovely girlfriend @90857 in Canada from USA! Thanks!,@669063 We are here to help this article can tell you all about Apple Pay Cash. https://t.co/DtZT7rYVIs,billing_subscriptions_refunds,False,Complex,,True
2666280,"Accidental €32 in-app purchase by six-year old daughter on the iPhone and iTunes won't offer any way to cancel it :(

Plus, Apple chat support not working. Damn.

/cc @AppleSupport",@751176 Let’s get you partnered with our iTunes Store Support team for help with this. They can be contacted here: https://t.co/SDIe7UiyJN,billing_subscriptions_refunds,True,Complex,,True
109046,@AppleSupport why have you taken my Apple subscription twice within two days?,@140203 We can help out. We'd want to get you in touch with our iTunes Store support here:   https://t.co/SDIe7UiyJN,billing_subscriptions_refunds,True,Moderate,,True
2966646,"@AppleSupport I have a couple albums I bought on older phones. I'm trying to download them on my current phone but I can't figure out how. They aren't showing up in my ""purchased"" list. But the iTunes store confirms I did purchase them. Am I missing something? https://t.co/61AxaVWuxX",@325125 We'd like to help! Let's try the steps outlined in this article: https://t.co/I39AyMJNgb  Keep us posted.,billing_subscriptions_refunds,False,Complex,,True
2179583,Hey @115858 @AppleSupport @115948 and whatever other Apple department... my 1 year old somehow purchased #Seinfeld series through Apple TV &amp; I can’t get a #refund. this is BS.  I want my $100 back. I haven’t watched that series since “Kramer” went on his #racist rant in 2006,@638728 We'd like to look into this with you. Send us a DM by clicking on the link below. We'll continue there.,billing_subscriptions_refunds,True,Complex,,True
827902,@AppleSupport How do I cancel a subscription that is in the free period??!?!?,@317220 We're here to help. Take a look at this article here: https://t.co/YKDbvueXrq,billing_subscriptions_refunds,False,Moderate,,True
2229370,@AppleSupport @87961 hi is this fake as I didn’t buy a gift card !! https://t.co/ev7CyxGHc7,@568311 These types of emails are called phishing. What we mean by this is the sender attempts to get personal information such as your Apple ID or credit card. More info &amp; where to forward is here: https://t.co/sayPykspsk,account_appleid_security,True,Simple,,True
1281447,@AppleSupport my Apple music keeps asking me for a payment option when I’m already a member and not allowing me to listen to anything,@415473 We're here to help. Have you tried to sign out of your account and sign back in?,billing_subscriptions_refunds,False,Complex,,True
763627,@AppleSupport I got an iphone 6 with straight talk just like my 5....erased all content and tried inserting my sim card but it is saying the carriers dont match. how do i fix this,@302490 We know it's important to be able to use your iPhone as expected. What is the exact error message you're running into?,app_thirdparty_behavior,False,Complex,,True
539939,"@AppleSupport the App Store/iTunes keeps declining my credit card, how do i fix it?",@245226 We've received your DM. Please look for our reply there.,billing_subscriptions_refunds,True,Moderate,,True
1643289,"@AppleSupport first of all, my SIM card is fiNE and yes I’m UPDATED so wtf 🤨",@502245 Thanks for reaching out. Let us know more about the issue you're experiencing in a DM. https://t.co/GDrqU22YpT,app_thirdparty_behavior,False,Complex,,True
1396248,@applesupport need 2 change order shipping address (or cancel). Can’t change on web. Been trying 2 call past 24 hrs - no answer. What’s up?,@444686 We want to help get you pointed in the right direction. Could you let us know your country in DM? https://t.co/GDrqU2kzhr,billing_subscriptions_refunds,True,Simple,,True
1913134,"@AppleSupport so fed up with your products which start breaking down, as if on cue, 1 year after purchase!","@163648 That's certainly unexpected, but we want to help. DM us and tell us more about what's going on &amp; we'll get started. https://t.co/GDrqU22YpT",device_hardware_battery,True,Complex,,True
1776278,@AppleSupport why is this happening ? I’m connected to WiFi. https://t.co/8E7wayUM2p,@533778 We'd like to help! Check out this article: https://t.co/Ui1yTnOCUz,connectivity_network_bluetooth,False,Moderate,,True
712059,@applesupport I know y’all busy and all but my WiFi And Bluetooth keeps turning on...just saying😬,"@290284 Hey there, this article may help explain why Bluetooth and Wi-Fi turn on after turning them off: https://t.co/G7BHuQnDS6",connectivity_network_bluetooth,False,Complex,,True
2729058,Has anyone figured out what’s causing the iPhone Bluetooth to automatically activate @AppleSupport?,"@222841 We'd be happy to help! To make sure we're offering accurate information, can you confirm your current iOS version for us? This can be located at Settings &gt; General &gt; About.",connectivity_network_bluetooth,False,Simple,,True
2777565,@AppleSupport why do i keep on getting error 12894 in the apple music when i want to play certain songs by cellular data? how to get rid of this error? https://t.co/8z3pPuY60z,@776002 We know how important it is to have your music ready to enjoy. We're happy to look into this with you. How many songs is this occurring with? Do you receive the error when playing the same tracks while connected to Wi-Fi?,connectivity_network_bluetooth,False,Complex,,True
174164,"@AppleSupport I can't use my iPhone 7 Plus since 11.1.2, Apple music (music app completly) useless, won't start, and after restoring network and settings, my device won't startup, takes 3 hrs and never ends the startup.",@156814 Thanks for taking the time to reach out. We'd like to take a closer look at this with you. DM us using the link below and we'll go from there. https://t.co/GDrqU22YpT,software_update_bugs,True,Complex,,True
2552556,@AppleSupport I don't appreciate my iPhone automatically hooking up to the Bluetooth in my car every morning.,@725040 We'll be more than happy to provide some suggestions. Have you tried disabling auto-play settings in your car?,connectivity_network_bluetooth,False,Simple,,True
1905835,. @AppleSupport after sales service is literally the worst. Heard about Customer delight?,@391796 We want your experience with us to be the best; we'll do all we can to help with this. Let us know what happened in DM: https://t.co/GDrqU22YpT,general_inquiry_other,False,Complex,,True
1766022,When you’re $1200 laptop refuses connect to the internet @AppleSupport 😤😤😤😤,@531113 We can get to the bottom of this together. What happens when you try to connect to the internet? Are you using Wi-Fi?,connectivity_network_bluetooth,False,Simple,,True
312175,@15293 @160285 @AppleSupport when are you gonna fix the issue with Pokémon GO plus and the bluetooth delay?,@190551 Hi there. Please meet us in DM and we'll gladly look into this with you. https://t.co/GDrqU22YpT,app_thirdparty_behavior,False,Complex,,True
1672241,"@AppleSupport my airdrop won’t work between my iMac and iPhone 8 Plus. My iPhone 6 works fine, but not this new phone.",@508959 Let's see what we can do about it. Does your iPhone 8 Plus have Personal Hotspot turned off in Settings &gt; Cellular?,connectivity_network_bluetooth,False,Complex,,True
1639001,@AppleSupport i connect my iPhone to my car via USB but with 11.0.3 my car is now an unauthorized accessory. What the f...?,@501169 We'd like to look into this further. Send us a DM to get started. https://t.co/GDrqU22YpT,connectivity_network_bluetooth,False,Complex,,True
120683,"My Apple Watch is still not connecting to Wi-Fi. Did everything: forgetting &amp; reconnecting iPhone Wi-Fi, shutting-off devices &amp; Bluetooth, repairing... Wi-Fi network is 2,4Ghz and 11b/g/n. Called French @AppleSupport. They were so lost I decided to get another coffee ☕️. Help?","@142833 We're happy to help. Just to make sure we understand, after trying all these steps, your Apple Watch still won't connect to Wi-Fi at all? What iPhone and iOS version do you have? DM us so we can gather additional information to assist you. https://t.co/GDrqU22YpT",connectivity_network_bluetooth,False,Complex,,True
148295,"hi, @AppleSupport how do i get rid of the syncing? symbol next to my wifi. it's been like this for months. https://t.co/9oZQ3nP7TH",@149741 Hi there. We're happy to look into this. Is that symbol there intermittently or constantly? Let us know in DM and we'll go from there. https://t.co/GDrqU22YpT,connectivity_network_bluetooth,False,Moderate,,True
1710649,"Hey, @AppleSupport, my iPhone 7 keeps respringing when trying to setup for the first time. Trying over both WiFi and iTunes, same problem.",@518224 We definitely want to get this corrected for you! What are you seeing on the screen when this happens? Do you get an error?,software_update_bugs,False,Complex,,True
1162144,@AppleSupport new iPhone X keeps randomly restarting. Already did a factory reset and reinstalled. Can’t make it through Apple Watch pairing,@393434 We're happy to help in any way we can. Please join us in DM where we can get into this issue. https://t.co/GDrqU22YpT,device_hardware_battery,True,Complex,,True
1349522,Im gonna need my phone to stop connecting to WiFi that isn’t there @AppleSupport,@434697 We'd like to help. Tell us a bit more about the issue you're experiencing with Wi-Fi. Which version of iOS is installed?,connectivity_network_bluetooth,False,Simple,,True
1990213,@AppleSupport Have a new iPhone 8 but GPS and Bluetooth aren’t working. Location services on. What are my next steps? Thanks!,@588995 We want to be sure you can use Bluetooth and GPS as you'd expect. What's happening specifically? DM us and let us know. https://t.co/GDrqU22YpT,connectivity_network_bluetooth,False,Complex,,True
617244,why is wifi not automatically connecting when i come home? which location service do i need to enable? @AppleSupport,@193129 It's important to have your device connecting to your network on its own. Let's look into this. Can you provide us which iOS is on your device? This can be located in Settings &gt; General &gt; About &gt; Version.,connectivity_network_bluetooth,False,Moderate,,True
1924492,"Hey @115858 @AppleSupport 
My Mac stopped working in 1 yr 2 mnths after repeatedly showing it to the service centre. 
Sent mail But No reply.",@572838 Hi there. We're here for you and happy to help. Send us a DM and let us know what's happening specifically. https://t.co/GDrqU22YpT,device_hardware_battery,True,Complex,,True
2295874,"@AppleSupport when I turn off the wifi it doesn’t really turn off, when you go to configurations it still on. What do I do? https://t.co/zsUuyWLaR1","@666614 That's how it's intended to work. In iOS 11, toggling Wi-Fi and Bluetooth in Control Center, your iPhone disconnects from Wi-Fi and Bluetooth accessories. For more information on Wi-Fi or Bluetooth in Control Center, check this out: https://t.co/G7BHuQnDS6",connectivity_network_bluetooth,False,Complex,,True
522061,Why won’t my iPhone stay connected to my WiFi? @AppleSupport,@159426 Let's look into what's going on with your Wi-Fi. DM us with which version of iOS are you running in Settings &gt; General &gt; About. https://t.co/GDrqU2kzhr,connectivity_network_bluetooth,False,Moderate,,True
2229470,MacOS 10.13.1 is full of bluetooth problems? any solutions? @115858 @AppleSupport,@650623 We'd love to help. Provide us with the details of the issue. We'll take it from there.,connectivity_network_bluetooth,False,Simple,,True
2083009,@AppleSupport my podcast won't flow through apple connect please help!,@616031 We'd be happy to point you in the right direction. Please DM us with more details and we'll go from there. https://t.co/GDrqU22YpT,app_thirdparty_behavior,False,Simple,,True
943603,When will @AppleSupport be fixing the #WiFi issues #keepsdroppingout #rubbishconnection #apple #iphone,@148528 We’d like to offer our support. Please DM us which device and version of iOS you’re using to begin.,connectivity_network_bluetooth,False,Simple,,True
1218398,Why?? I'm connected to WiFi and I tried on my mobile data... Wtf is wrong with @AppleSupport?? https://t.co/EknSNtu7VV,@405876 We can help with this update. Check out this article for steps to take for this error: https://t.co/Ui1yTnOCUz,software_update_bugs,False,Complex,,True
523837,@AppleSupport Hello - I'm having trouble with my iPhone 7. A black screen with the spinning wheel appears every 10-20 seconds and asks for my key code. I did a full factory reset and the problem still persists. My current iOS version is 11.1.2 (updated less than 24 hours ago).,@241078 We received your DM and will work with you there. You should see our reply shortly.,software_update_bugs,False,Complex,,True
611274,Why don’t my iPhone camera or flash work? Software issue? @AppleSupport,"@265337 We've received your DM, and we'll continue with you there. Be on the lookout for a response.",device_hardware_battery,False,Moderate,,True
883965,@AppleSupport When I add an ext display it takes over as the primary desktop. How do I keep my MacBook (late 2016 w/ TouchBar) as primary? https://t.co/FGNIZ1VFV9,@329911 We can help out with this. How are you connecting them?,app_thirdparty_behavior,False,Complex,,True
1497935,"@applesupport 11.1 battery Prior to the update, Youtube could run 9+ hours from full battery and I'd still have 30-40% remaining.",@467789 We'd be happy to look into this issue with you. Have you tried any troubleshooting yet? https://t.co/GDrqU22YpT,software_update_bugs,False,Complex,,True
2500892,"@AppleSupport My Daughter has an iPhone 6S which she updated and now can't use the front camera and the battery lasts an hour from full, what can she do. #gladigotridofmyiphone","@713430 We'd like to help. When using the camera is there a blank screen? If so, is this with the native Camera app or any that use the camera? We'd also like to look at some details for the battery. DM us and we'll continue. https://t.co/GDrqU22YpT",device_hardware_battery,True,Complex,,True
2302315,"@AppleSupport this new update is full of bugs. Apps crashing, unable to playback videos, significant battery drainage. FIX THIS SHIT!!!",@668123 We'll gladly assist in any way we can. Have you already updated to iOS 11.1.1?,software_update_bugs,False,Simple,,True
545201,"Uh oh... Wake up, try to use my #iPhoneX and every 10 seconds, it goes to the spinning wheel of death and then throws me back to the lock screen -Even after resetting. @AppleSupport #EarlyAdopterProblems😰😰","@246726  Thanks for contacting us. We would like to start by making sure your device is running the latest iOS, which is 11.2. 
First, back up your device: https://t.co/4f8hwT5to6
Then update via Settings &gt; General &gt; Software Update. Let us know if there are any changes.",software_update_bugs,False,Complex,,True
617349,@AppleSupport can you check the battery health of my iPhone,@266468 Thanks for reaching out! We’d be happy to help with your battery. Let us know what kind of issues you’re having with it in DM. We’ll continue working with you there. https://t.co/GDrqU22YpT,device_hardware_battery,False,Simple,,True
2894805,@AppleSupport my back camera only works on Snapchat. What do you recommend I do to resolve this nuisance?,@802241 We can help get your camera working as it should. Try the steps in this link here and DM us the results. https://t.co/r1DRfaFLIU https://t.co/GDrqU22YpT,device_hardware_battery,False,Simple,,True
719918,"@AppleSupport Hi guys, I upgraded to IOS 11.0 2 on an iPhone 6s and the battery drains in about 60 mins? Can you help?",@292297 Let's look into that. Send us a DM and we'll go from there. https://t.co/GDrqU22YpT,software_update_bugs,False,Complex,,True
2355054,"@AppleSupport The display on the right side of my TouchBar appears to be broken. Touch works though. Anything I can try (reboot didn't work), or am I f-ed and do I need to get it repaired?","@680397 Let's take a closer look together as the screen is important on all of our devices. Which device model do you have and which OS version is installed?

Any other steps tried besides a restart?",device_hardware_battery,True,Complex,,True
2746113,"@AppleSupport Hi, I just switched from my iPhone 6S to an 6S Plus with iOS 11.1.2 and for some reason the ""Raise to Wake"" function has disappeared from the Display &amp; Brightness settings page. Please help!","@769020 Hi there, and thanks for reaching out to us today! We understand how important Raise to Wake is on your iPhone, and we're happy to help. Send us a DM and we'll take a closer look together there. https://t.co/GDrqU22YpT",software_update_bugs,False,Complex,,True
1926205,@AppleSupport @115858 @116333 this makes no sense....apple‘s apps are killing my battery! It is noon and im almost on 20% iPhone7 https://t.co/O3kui4KqNT,@573273 Let's look into this battery issue for you. How many hours does a full charge usually last? Let us know in DM. https://t.co/GDrqU22YpT,software_update_bugs,False,Complex,,True
1947285,"@AppleSupport fully charge iPod, remove from power source and the battery drops. iPod then just does this. https://t.co/d4UtxlBBsF",@578641 We'll be happy to look into this with you so you can get back to enjoying your iPod. DM us the iOS version installed here: https://t.co/GDrqU22YpT,device_hardware_battery,False,Complex,,True
321757,@AppleSupport when are you guys going to fix the appalling battery issues on iOS 11?,@192648 We know how important battery life is. Click here to meet with us in DM and we'll take it from there: https://t.co/GDrqU22YpT,software_update_bugs,False,Simple,,True
819866,@AppleSupport iOS 11.0.2 drains my battery so fast now...help!,"@315302 We'd love to help you with your battery life! Send us a DM, and we'll look into this together. https://t.co/GDrqU22YpT",device_hardware_battery,True,Simple,,True
2403728,"Hey @AppleSupport, whenever I try to lock my phone screen it’s doesn’t work, I talked to your support yesterday and it didn’t rectify my problem, send help pls",@691456 We'd love to help. Could you Direct Message us and let us know what iOS version you're using? https://t.co/GDrqU22YpT,software_update_bugs,False,Complex,,True
1858281,"Tweeps &amp; or @AppleSupport HELP! iPhone was charging, went to check it, Nothing, Black. Won't charge or turn on, about to go on a shoot ...",@555657 Try forcing it to start as shown here: https://t.co/o7nB3pXfMv Send us a DM to troubleshoot further if it doesn't come on. https://t.co/GDrqU22YpT,device_hardware_battery,True,Complex,,True
1068901,"@AppleSupport please help with this, I like to have Low Light on but it only covers half the screen since iOS11 https://t.co/RiSftWHPcB",@372241 Let's take a look into this together. Send us a DM and we will follow up with you there. https://t.co/GDrqU22YpT,software_update_bugs,False,Complex,,True
234640,Dear @AppleSupport since iOS11 my battery barely makes it 8 hrs of minimal use unless I'm in low power mode. Any update coming to fix this?,"@171870 We'd like to help as best we can. Are you running the most current version, iOS 11.0.2?",software_update_bugs,False,Simple,,True
1067830,@115858 @AppleSupport screen of my phone doesn’t go off during calls.This makes me touch the mute and FaceTime buttons during calls.Assist!,@371983 We know it's very important for the iPhone's screen to sleep while on calls. What iOS version is on the iPhone currently?,software_update_bugs,False,Complex,,True
2058091,@115858 @AppleSupport this is my iPhone 7. On speaker phone. Half the screen quits working. End the call? It goes back to normal. https://t.co/SUEaXsOi3W,"@249241 That is very unusual. We'd like to research your support options, so please DM your iOS version and the country you're in. https://t.co/GDrqU22YpT",device_hardware_battery,True,Complex,,True
872704,@AppleSupport why is my damn battery dying so quick.,@327187 You're in the right place to have this looked into. Let's meet up in DM and get going. https://t.co/GDrqU22YpT,device_hardware_battery,False,Moderate,,True
1991402,@AppleSupport IOS 11.03 battery drains quickly. I have 6S plus and wife has 6S.,"@167564 We'd love to help you with this. First, update to iOS 11.1, retest, and meet us in DM if the concerns persist here: https://t.co/GDrqU22YpT",software_update_bugs,False,Complex,,True
2311867,"#ios11 has completely ruined the iphone experience we got, always. Phone’s lagging more with utterly horrendous battery time. I feel bad being an iphone user feeling it better to use a Samsung S8
@AppleSupport @90501",@670457 We received your DM and we'll continue with you there shortly.,software_update_bugs,False,Complex,,True
2627801,I’m tired of this question mark/I️ problem @AppleSupport @115858,"@742191 iOS 11 was recently updated and it includes a fix for autocorrect issues. Be sure to back up your device prior to updating, and let us know if the issue persists afterwards. How to back up: https://t.co/4f8hwT5to6",app_thirdparty_behavior,False,Simple,,True
2903679,"Ok, just upgraded to MAC OS High Sierra and now NO Adobe programmes work...... Please help @AppleSupport @115858 #MAC #OS #HighSierra","@804170 We'll be happy to take a look at what's going with your Adobe apps on your Mac. Could you confirm via DM what type of Mac you're using, along with your specific version of macOS High Sierra? Additionally, let us know what happens when you try to use these apps. https://t.co/GDrqU22YpT",app_thirdparty_behavior,False,Complex,,True
2623967,"@AppleSupport anyone know how to save show notes of a podcast, including the links not just as plain text into Apple Name notes or Evernote?","@448492 You can copy paste the notes, however, that does not include the links. We'd love to get you feedback here: https://t.co/eTPVYVFyd8",app_thirdparty_behavior,False,Moderate,,True
613091,"@AppleSupport why, when I press the pause button on my apple earphones, does my iPhone 7 start playing from Apple Music instead of pausing the podcast I am listening to?","@265783 Let's look into this together. Send us a DM with the iOS version your iPhone is running, and we'll get started. https://t.co/GDrqU22YpT",audio_accessory_hardware,False,Complex,,True
1683521,See this shit @115858 @AppleSupport?! https://t.co/8SSi1BVlBd,@511719 Here’s what you can do to work around the issue until it’s fixed in a future software update: https://t.co/xXaXeeSRt9,general_inquiry_other,False,Simple,,True
2794406,Absolutely fuming alarm has not gone off the last 2 days and guess what iv been fuking late for work both days @AppleSupport sort it out I wanna keep my job #iphonealarm,"@779815 We understand your concern, and we want to help. In DM, please let us know the software version you're using on your iPhone. https://t.co/GDrqU22YpT",app_thirdparty_behavior,False,Complex,,True
1541061,"@AppleSupport m having issues activating my iPhone X ...it reads activation server unavailable , i tried doing it through iTunes as well",@467895  Thanks for reaching out to us here. Have you tried these steps yet? https://t.co/ywHIZGN4Ac,account_appleid_security,True,Simple,,True
2401549,@AppleSupport iPhone 96% to 0% in about 3 hours. New record.,@442248 We know how important battery life is. Join us in DM. We'll look into this there. Click here: https://t.co/GDrqU22YpT,device_hardware_battery,False,Simple,,True
2079658,@AppleSupport i have 2 sets of headphones where the right ear doesnt work. if i bring it to an Apple store will they exchange for new ones?,@615065 We'd like to look into this so we can provide you with the best information. Send us a DM and we'll work from there: https://t.co/GDrqU22YpT,audio_accessory_hardware,True,Simple,,True
2773170,@AppleSupport I need help with something real quick,@775092 We're happy to help however we can. Please let us know a bit more about what's going on and we'll go from there.,general_inquiry_other,False,Simple,,True
1617212,@AppleSupport @115858 excuse me can one of y’all explain this to me cause I’m getting real irritated 🤬 https://t.co/aK4zBy02qV,@495894 We're here to help. Follow the steps here: https://t.co/xXaXeeSRt9 DM us if you have questions. https://t.co/GDrqU22YpT,general_inquiry_other,False,Simple,,True
1645050,nothing shows up on this thing and my phone keeps crashing🤦🏼‍♂️ @AppleSupport https://t.co/YlDH3INSKB,"@502687 When you say that nothing shows up, do you mean that songs that you’re actively listening do not appear?",app_thirdparty_behavior,False,Complex,,True
388553,"@AppleSupport My husbands phone has updated itself when he said not to and now he has lost all his business contacts, any ideas what's up?","@207937 We'd be happy to look into this with you. Send us a DM, and we'll continue there. https://t.co/GDrqU22YpT",software_update_bugs,True,Complex,,True
1453881,@115858 @AppleSupport @457406 I have lost my iPhone SE today at 10:40 am. Please help to locate it. My phone's imei- __credit_card__,@457405 We'd be glad to see how we can help. Send us a DM please. Let us know the country you're in. https://t.co/GDrqU22YpT,account_appleid_security,True,Simple,,True
1641952,@AppleSupport  we need your help 💯😤 https://t.co/8Lg0qFGtqL,@501923 Here’s what you can do to work around the issue until it’s fixed in a future software update: https://t.co/xXaXeeSRt9,general_inquiry_other,False,Simple,,True
1779084,@AppleSupport how to I fix this,@324911 We'd like to help you out with any trouble that you're having. Please send us a DM with the details to begin. https://t.co/GDrqU22YpT,general_inquiry_other,False,Moderate,,True
1629814,Ummmmmm @AppleSupport WHY IS MY PHONE MESSING UP WHEN THE LETTER AFTER H IS TYPED,@498859 We'd like to help. Could you Direct Message us and let us know what version of the iOS you're on? https://t.co/GDrqU22YpT,app_thirdparty_behavior,False,Complex,,True
2446436,"@AppleSupport hey, so I keep trying to use my Apple Music app and it freezes or only the categories show but no albums but I’ve restarted my phone, deleted the app and it’s still causing problems. I just want to listen to TSwift","@127418 Let's help get your Apple Music playing again. Can you tell us which iPhone you're using, and the version of iOS installed in Settings &gt; General &gt; About?",app_thirdparty_behavior,False,Complex,,True
373659,@AppleSupport my gps hasn’t been working for weeks. How do I fix it? 🙃,@204547 We'd like to help. DM us with a bit more detail on what's going on and we'll go from there. https://t.co/GDrqU22YpT,connectivity_network_bluetooth,False,Moderate,,True
2059792,@AppleSupport are u serious https://t.co/tC68gT6bFE,@609190 Thanks for reaching out. Looks like Twitter is using more than half the battery. Please send us a DM &amp; we'll help you. https://t.co/GDrqU22YpT,app_thirdparty_behavior,False,Simple,,True
2374353,So my iPhone dies within 45 minutes to an hour after being fully charged. I️ don’t even have to be using it for a couple hours and I️t will go down at least 30%. @AppleSupport @115858 I️ only bought it 2 and a half years ago.,"@679925  We'd love to help with your battery concerns. Part of this is ensuring you are updated with the most updated version. An update has been released to assist with the autocorrect issue. If needed, back up your device frst. Send us a DM if you still see this behavior. https://t.co/GDrqU22YpT",device_hardware_battery,False,Complex,,True
2305477,@AppleSupport my fraternal twin is able to unlock my #iphoneX. What’s up with #FaceID? Any suggestions?,"@668887 We want to help you. DM us, and we can look into this. https://t.co/GDrqU22YpT",account_appleid_security,True,Simple,,True
1769364,@AppleSupport can you please explain why my iPhone is doing this?? https://t.co/s9108g9Oon,@531966 Here’s what you can do to work around the issue until it’s fixed in a future software update: https://t.co/xXaXeeSRt9,general_inquiry_other,False,Moderate,,True
1924498,@115858 @AppleSupport fix this problem I️ I️ I️ I️ I️ I️ I️ !!!!!,@572841 Here’s what you can do to work around the issue until it’s fixed in a future software update: https://t.co/xXaXeeSRt9,app_thirdparty_behavior,False,Simple,,True
1000152,I have the same question Kristi for AT&amp;T. It sounds like it might be an Apple issue. @117735 @AppleSupport https://t.co/UHM3RWZvFK,"@356787 Hi Martin! Plry activating your device again. If the issue persist, try these steps and DM the result: https://t.co/ywHIZGN4Ac https://t.co/GDrqU22YpT",account_appleid_security,True,Simple,,True
1589335,Why can’t I see the emojis after the update? @AppleSupport,@488717 Hey there! We'd like to lend a hand. Could you tell us which iPhone and iOS  version you're using?,app_thirdparty_behavior,False,Complex,,True
889112,@AppleSupport Why do things on my phone just stop working? cellular &amp; volume? iPhone 6 in perfect condition but funny its after the update 😒,@331084 We want your iPhone to be ready to work when you are. Could you let us know some more details on what you're seeing with these issues after the update?,app_thirdparty_behavior,False,Complex,,True
2008033,@AppleSupport this update is garb. Please help,@517927 We can help with your Apple products and services. Send us a DM with the details of what you're experiencing. https://t.co/GDrqU2kzhr,general_inquiry_other,False,Simple,,True
1298541,@AppleSupport Newly purchased Apogee Jam 96K not working with iPad Pro with IOS 11. Any fixes?,"@423477 Thanks for reaching out. To start, can you confirm the exact iOS 11 version you're using with your iPad Pro?",audio_accessory_hardware,False,Simple,,True
2070574,@AppleSupport restore from iCloud backup and poof! All my achievements gone. Sigh. https://t.co/mSgNVPnIaG,@612345 We'd like to hep with this. Did you restore from a recent backup or older one? DM us your reply to continue. https://t.co/GDrqU22YpT,app_thirdparty_behavior,False,Complex,,True
1192996,Hey @AppleSupport. What’s up with iOS 11 not locking our phone screens?,"@400323 Hi, are you referring to Auto-Lock, manually locking the iPhone or both? Is there a protective case or film on your iPhone?",software_update_bugs,False,Simple,,True
2410229,@AppleSupport after I updated to the last iOS my phone is getting hotter for no reason. Every update is worse and worse.,@692976 We know having a reliable iPhone is important and we'd like to work with you to find a solution. Can you tell us what iPhone model and iOS version you're using? Here's how to find it: https://t.co/ZTw54HL4Rm,device_hardware_battery,False,Complex,,True
2016017,@AppleSupport Why’d you drop the kill switch on the last update? #help,"@596166 Are you experiencing an issue with your device after updating? If so, send us a DM with more information. We'll meet you there. https://t.co/GDrqU22YpT",software_update_bugs,False,Moderate,,True
2341884,"@116333 Have been using apple products for 20 yrs, iOS 11.1.1 is a joke, full of bugs, locked out of my phone 1hr yesterday, Touch ID not working AGAIN! phone is a lifeline as I care for my elderly Mum, not good enough Tim @115858 @AppleSupport #disappointed","@677402 We know how important your iPhone is and want to take a closer look at the issues you're experiencing. Please DM us when the issues started, and what you've been able to do so far to keep things moving. https://t.co/GDrqU22YpT",software_update_bugs,False,Complex,,True
250729,@AppleSupport #iOS11 is it just me or anyone else facing the issue where the Bluetooth turns on automatically? #appleios11,@128696 We're here to help. Would you please tell us which iOS device are you using?,connectivity_network_bluetooth,False,Simple,,True
1598553,"Depois que atualizei meu iOS, o celular leva anos para carregar e a bateria acaba em dois piscar, como isso?? @AppleSupport @115858","@490978 Since our Twitter support is available in English, get help at https://t.co/IBIY3vMgPj or join https://t.co/pvaOFfPbjt",software_update_bugs,False,Simple,,True
2008419,@AppleSupport new software update has my iPhone 7 no longer working? The iPhone 7 was purchased 6/26/17 🤔🤦‍♂️,@593891 What issues are you having with your iPhone 7? We would like to help.,software_update_bugs,False,Simple,,True
765621,@AppleSupport my sons ipad got a new update new he needs a 4 digit code he has never had 1 thow and i pad is blocked y ????,@302976 We want your son to have access to his iPad; we'll do all we can to help.  Is the 4-digit code for the lock screen or restrictions?,software_update_bugs,True,Complex,,True
1968213,@115858 @AppleSupport still no answer or update. My whole office is having trouble with their iPhones. 5s - 6s https://t.co/sGn1sO88qC,@409166 Let's discuss this together. Send us a DM and tell us if the performance is better on your home Wi-Fi network. https://t.co/GDrqU22YpT,connectivity_network_bluetooth,False,Simple,,True
2751539,"@AppleSupport can you PLEASE help me with my laptop, I have to constantly restart it just to use it, only to have it spaz out 5 minutes later https://t.co/imDxON3hGR",@770309 We're happy to help! We'd like to have you try an SMC reset. Here's how: https://t.co/FYojVXHuwn Join us in DM with the results. https://t.co/GDrqU22YpT,software_update_bugs,False,Complex,,True
538739,@AppleSupport I am using iphone 7 and bought it this february from atlanta store..latest ios upgrade killed it..!! becomes extremely hot and locks every 30 seconds while in use,@244911 That is certainly not the experience we want you to have. Let's continue in DM. https://t.co/GDrqU22YpT,software_update_bugs,True,Complex,,True
31474,"Ios 11.1 &amp; I can’t even turn off the wifi &amp; bluetooth from the control center!!

@115858 @AppleSupport",@122942 We can help. Here's a great article to clarify more about Wi-Fi &amp; Bluetooth in the Control Center: https://t.co/vzVz37YMv0,connectivity_network_bluetooth,False,Simple,,True
2287758,@AppleSupport Just realized the newest update deleted every song from my library unless I had purchased it. Why??? And how do I get all my music back that I moved off CDs?,@664683 We know how important it is to have access to your music. We'd like to help. Let's meet in DM. https://t.co/GDrqU22YpT,app_thirdparty_behavior,False,Complex,,True
621795,@AppleSupport hey can you help me with this issue I can’t update my phone https://t.co/VcVEzCi6Qf,@267563 Let’s get that updated for you. Check out the article here for help with over-the-air updates: https://t.co/Ui1yTo6dM7,software_update_bugs,False,Simple,,True
2690802,"@AppleSupport I just connected my iMac and MacBook via iCloud. If I save a file on my iMac, how long will the save take to update and appear on my MacBook?","@756454 We can help you with this. Your files upload to iCloud each time your device connects to the Internet. Depending on your Internet speed, the time it takes for you to see your files on your other devices might vary. https://t.co/GDrqU22YpT",software_update_bugs,False,Complex,,True
554904,@AppleSupport I got an update my repair is being shipped back to me but no tracking number listed. It needs a signature so I need to be home when it delivers but I don’t know when it’s arriving. Please to help? https://t.co/w0fIDGdYir,@249532 Thank you for contacting us today. Please send us a DM including which country you're in. We'll be glad to assist you further there. https://t.co/GDrqU22YpT,general_inquiry_other,False,Complex,,True
1170160,@AppleSupport I've got issues to update my mobile w/ new iOS version by iTunes. Is it posible to fix it without factory restoring it?,"@395229 We want to help. Yes, let's see what we can do first.  Are you getting an error message or code on iTunes?",software_update_bugs,False,Simple,,True
2833092,@AppleSupport Recently updated  iphone to iOS 11.1.2 which is lagging a lot.,@788711 We've received your DM and will continue there.,software_update_bugs,False,Simple,,True
792778,I’m losing all patience with this dumb ass phone with this damn update @AppleSupport 😾,@216652 We're happy to see how we can help. What's going on? Let us know in DM. https://t.co/GDrqU22YpT,software_update_bugs,False,Simple,,True
2299235,Anyone else have the issue where you start typing a long text and your phone malfunctions and closes the message app mid text w/o saving your text? @AppleSupport #iOS11 SUCKS.,"@570024 Hey, we can work with you to see what's going on with the Messages app. First, can you tell us the exact iOS version installed? Also, does restarting your iPhone make a difference?",app_thirdparty_behavior,False,Complex,,True
